{"is_source_file": false, "format": "", "description": "", "external_files": [], "external_methods": [], "published": [], "classes": [], "methods": [], "calls": [], "search-terms": [], "state": 2, "file_id": 4, "knowledge_revision": 7, "git_revision": "bd414386a3e9ce8c70f2f3ef49b3400228958f5d", "hash": "110385137043d6dcc721e49742fa417c", "format-version": 4, "code-base-name": "resident_api_backend", "filename": "README.md", "revision_history": [{"7": "bd414386a3e9ce8c70f2f3ef49b3400228958f5d"}]}