{"is_source_file": true, "format": "Python", "description": "This file sets up a FastAPI application with CORS middleware and defines a health check endpoint.", "external_files": ["fastapi", "fastapi.middleware.cors"], "external_methods": ["FastAPI", "CORSMiddleware"], "published": ["app"], "classes": [], "methods": [{"name": "health_check()", "description": "Defines a GET endpoint at '/' that returns a health status message.", "scope": "", "scopeKind": ""}], "calls": ["app.add_middleware", "CORSMiddleware", "app.get"], "search-terms": ["FastAPI", "health check endpoint", "CORS middleware", "main.py"], "state": 2, "file_id": 1, "knowledge_revision": 9, "git_revision": "e2ee6945a8a701f429954b6539a4e5e70e751c7e", "ctags": [{"_type": "tag", "name": "app", "path": "/home/kavia/workspace/code-generation/resident-management-system-307756-307766/resident_api_backend/src/api/main.py", "pattern": "/^app = FastAPI()$/", "language": "Python", "kind": "variable"}, {"_type": "tag", "name": "health_check", "path": "/home/kavia/workspace/code-generation/resident-management-system-307756-307766/resident_api_backend/src/api/main.py", "pattern": "/^def health_check():$/", "language": "Python", "kind": "function", "signature": "()"}], "hash": "58352bf5f133908bab16643199aa483d", "format-version": 4, "code-base-name": "resident_api_backend", "filename": "resident_api_backend/src/api/main.py", "fields": [{"name": "app = FastAPI()", "scope": "", "scopeKind": "", "description": "unavailable"}], "revision_history": [{"9": "e2ee6945a8a701f429954b6539a4e5e70e751c7e"}]}